{"validation_0": {"logloss": [0.498553, 0.388227, 0.317783, 0.269236, 0.23576, 0.21199, 0.193867, 0.181244, 0.170751, 0.163194, 0.156075, 0.151826, 0.148154, 0.14513, 0.141809, 0.139633, 0.136626, 0.13514, 0.13203, 0.129907, 0.128274, 0.127216, 0.124927, 0.119321, 0.115598, 0.113419, 0.110529, 0.107694, 0.104114, 0.102924, 0.102472, 0.100503, 0.098143, 0.09609, 0.095213, 0.094731, 0.092437, 0.089534, 0.087083, 0.085156, 0.083139, 0.081064, 0.080331, 0.07938, 0.078495, 0.07708, 0.076123, 0.075632, 0.074239, 0.072657, 0.071593, 0.070859, 0.070025, 0.069213, 0.067708, 0.06597, 0.065653, 0.065467, 0.064923, 0.064394, 0.062898, 0.061251, 0.059794, 0.058523, 0.05782, 0.057615, 0.056705, 0.055561, 0.055167, 0.05472, 0.05418, 0.053891, 0.053729, 0.053394, 0.052597, 0.051627, 0.051305, 0.051178]}, "validation_1": {"logloss": [0.501782, 0.39423, 0.325705, 0.278428, 0.245929, 0.223424, 0.205354, 0.193664, 0.184205, 0.176698, 0.170698, 0.167002, 0.164113, 0.161976, 0.159142, 0.15717, 0.154838, 0.153931, 0.152349, 0.150861, 0.150024, 0.149686, 0.148687, 0.144315, 0.141519, 0.139779, 0.137802, 0.137269, 0.134588, 0.134284, 0.134148, 0.134575, 0.13323, 0.132738, 0.132363, 0.132217, 0.130991, 0.128728, 0.128244, 0.127656, 0.128054, 0.12759, 0.127112, 0.127236, 0.127109, 0.126697, 0.126273, 0.125996, 0.12566, 0.12498, 0.125057, 0.125094, 0.124913, 0.125004, 0.124558, 0.124514, 0.124602, 0.124765, 0.124734, 0.124594, 0.124621, 0.124579, 0.124184, 0.123485, 0.123322, 0.123382, 0.123488, 0.123392, 0.123198, 0.123529, 0.123501, 0.123444, 0.123627, 0.123564, 0.123827, 0.124087, 0.124001, 0.124058]}}