{"validation_0": {"logloss": [0.278282, 0.200838, 0.167057, 0.153432, 0.148013, 0.138526, 0.128916, 0.117035, 0.1137, 0.105018, 0.099444, 0.094108, 0.089199, 0.085056, 0.083905, 0.081847, 0.074142, 0.071339, 0.068115, 0.065655, 0.061925, 0.05891, 0.055285, 0.051159, 0.048637, 0.044611, 0.042079, 0.0396, 0.038347, 0.037867]}, "validation_1": {"logloss": [0.28815, 0.216842, 0.186669, 0.175222, 0.171485, 0.164246, 0.159194, 0.150156, 0.149514, 0.144353, 0.142819, 0.144513, 0.143583, 0.145901, 0.146075, 0.146022, 0.144686, 0.143324, 0.143402, 0.143185, 0.142147, 0.143199, 0.144193, 0.146476, 0.148094, 0.148828, 0.148336, 0.150137, 0.149051, 0.148939]}}