{"validation_0": {"logloss": [0.564339, 0.469206, 0.395711, 0.337032, 0.289189, 0.250041, 0.217265, 0.189954, 0.166815, 0.147086, 0.130389, 0.11616, 0.103816, 0.093246, 0.084125, 0.076166, 0.069178, 0.063041, 0.057622, 0.052845, 0.048803, 0.045021, 0.041785, 0.0389, 0.036241, 0.033875, 0.031804, 0.029922, 0.02826, 0.0267, 0.0253, 0.024021, 0.022858, 0.021789, 0.020756, 0.019791, 0.01896, 0.0182, 0.017484, 0.016837, 0.016199, 0.015608, 0.01506, 0.014526, 0.014041, 0.013574, 0.013153, 0.012737, 0.012364, 0.012023, 0.011632, 0.011318, 0.010991, 0.010708, 0.010411, 0.010156, 0.009916, 0.009681, 0.009444, 0.009212, 0.009017, 0.008818, 0.008635, 0.008452, 0.008281, 0.008119, 0.007952, 0.0078, 0.00764, 0.007505, 0.007379, 0.007236, 0.007102]}, "validation_1": {"logloss": [0.578871, 0.495056, 0.431804, 0.382069, 0.342317, 0.31062, 0.284417, 0.262752, 0.244166, 0.229391, 0.216879, 0.2065, 0.19733, 0.190205, 0.184676, 0.179746, 0.175022, 0.171206, 0.168134, 0.165358, 0.163043, 0.160773, 0.159406, 0.158139, 0.156448, 0.155034, 0.154115, 0.153168, 0.152797, 0.15206, 0.151056, 0.150516, 0.14998, 0.149796, 0.149096, 0.148226, 0.147841, 0.14749, 0.147169, 0.147204, 0.146745, 0.146456, 0.146381, 0.146357, 0.146138, 0.145692, 0.145969, 0.145838, 0.145715, 0.145699, 0.145331, 0.145674, 0.145727, 0.145718, 0.145657, 0.145842, 0.145813, 0.145447, 0.145183, 0.145277, 0.14534, 0.1452, 0.145199, 0.145002, 0.145542, 0.145431, 0.145931, 0.14593, 0.146095, 0.146041, 0.146107, 0.145871, 0.145852]}}