{"validation_0": {"logloss": [0.396324, 0.277795, 0.215095, 0.177167, 0.153116, 0.137365, 0.127769, 0.120055, 0.115351, 0.107355, 0.099788, 0.095614, 0.093042, 0.087366, 0.081297, 0.080195, 0.073681, 0.068357, 0.063761, 0.060681, 0.058826, 0.056426, 0.055261, 0.052265, 0.049126, 0.046694, 0.04486, 0.040342, 0.039581, 0.037387]}, "validation_1": {"logloss": [0.407128, 0.29535, 0.236296, 0.202261, 0.181758, 0.169134, 0.162227, 0.158184, 0.155128, 0.147201, 0.143577, 0.141038, 0.140672, 0.138482, 0.137944, 0.137067, 0.13372, 0.134195, 0.133144, 0.132543, 0.132009, 0.132493, 0.132389, 0.132762, 0.133469, 0.133542, 0.132867, 0.133314, 0.132487, 0.134216]}}