{"validation_0": {"logloss": [0.266959, 0.182235, 0.146273, 0.12807, 0.116999, 0.100986, 0.09059, 0.078597, 0.0727, 0.066741, 0.063817, 0.057743, 0.05282, 0.047825, 0.0456, 0.039769, 0.035522, 0.03353, 0.03169, 0.026906, 0.023979, 0.022922, 0.02128, 0.019467, 0.016832, 0.015389, 0.014394, 0.013189, 0.012692]}, "validation_1": {"logloss": [0.286354, 0.20789, 0.17722, 0.164635, 0.158115, 0.149119, 0.1489, 0.149508, 0.147453, 0.148165, 0.147138, 0.14711, 0.148942, 0.150321, 0.15067, 0.150979, 0.15265, 0.15256, 0.151227, 0.144967, 0.146038, 0.14686, 0.147257, 0.147212, 0.149288, 0.150988, 0.151025, 0.152408, 0.152771]}}