{"validation_0": {"logloss": [0.477966, 0.364656, 0.295699, 0.249027, 0.217326, 0.195047, 0.179365, 0.167973, 0.15961, 0.152722, 0.147509, 0.143062, 0.139817, 0.136343, 0.134415, 0.131216, 0.129801, 0.12747, 0.126468, 0.123231, 0.121093, 0.117742, 0.114859, 0.11181, 0.109338, 0.103069, 0.100625, 0.098106, 0.096316, 0.092741, 0.090167, 0.087366, 0.086854, 0.085485, 0.082405, 0.080578, 0.079551, 0.079253, 0.078868, 0.077323, 0.073909, 0.072156, 0.070195, 0.068397, 0.067464, 0.066937, 0.06553, 0.064135, 0.063295, 0.0625, 0.061678, 0.061011, 0.059309, 0.058947, 0.058236, 0.057733, 0.056536, 0.055774, 0.055177, 0.054247, 0.053582, 0.052319, 0.050651, 0.050259, 0.050058, 0.049097, 0.048253, 0.046733, 0.045875, 0.045386, 0.044995, 0.044204, 0.043645, 0.043019, 0.042178, 0.041682, 0.040956, 0.040572, 0.040008, 0.039847, 0.039248, 0.038743, 0.038423, 0.038194, 0.037598, 0.037348]}, "validation_1": {"logloss": [0.481553, 0.372061, 0.305909, 0.260496, 0.229791, 0.208061, 0.192912, 0.181676, 0.174259, 0.168702, 0.16422, 0.161107, 0.15795, 0.155385, 0.153867, 0.151826, 0.151112, 0.149333, 0.149088, 0.147385, 0.146863, 0.146652, 0.146483, 0.145143, 0.142904, 0.139489, 0.139063, 0.137664, 0.136974, 0.134731, 0.133049, 0.133042, 0.133026, 0.132101, 0.131595, 0.13127, 0.1312, 0.131296, 0.131207, 0.131338, 0.129716, 0.12926, 0.128361, 0.128212, 0.127969, 0.127973, 0.127609, 0.127331, 0.127286, 0.127596, 0.127922, 0.12764, 0.127047, 0.127098, 0.127052, 0.126872, 0.126797, 0.127119, 0.127349, 0.127012, 0.127042, 0.127102, 0.126692, 0.126955, 0.127195, 0.127294, 0.127656, 0.12767, 0.127481, 0.127166, 0.126966, 0.126492, 0.12665, 0.126771, 0.12615, 0.12611, 0.12593, 0.126095, 0.125967, 0.126305, 0.126242, 0.126512, 0.126519, 0.126738, 0.126222, 0.126261]}}