{"validation_0": {"logloss": [0.466857, 0.33807, 0.252843, 0.194083, 0.15161, 0.120794, 0.09774, 0.080528, 0.067054, 0.056496, 0.048198, 0.041699, 0.036487, 0.032284, 0.028721, 0.02574, 0.023171, 0.021088, 0.019397, 0.017905, 0.016599, 0.01542, 0.014478, 0.013476, 0.012681, 0.012008, 0.011313, 0.010722, 0.0102, 0.009765, 0.009336, 0.00891, 0.008534, 0.00822, 0.007909, 0.007584, 0.007342, 0.007028, 0.006801, 0.006581, 0.006377]}, "validation_1": {"logloss": [0.494319, 0.385264, 0.315694, 0.26899, 0.236901, 0.214934, 0.199084, 0.188018, 0.180507, 0.174005, 0.168479, 0.16558, 0.164242, 0.163316, 0.161949, 0.161107, 0.159234, 0.158501, 0.158248, 0.157609, 0.156867, 0.156877, 0.15678, 0.155809, 0.15556, 0.15621, 0.155478, 0.155175, 0.15548, 0.155707, 0.154782, 0.154611, 0.155431, 0.155926, 0.15607, 0.155632, 0.156004, 0.154971, 0.15499, 0.155173, 0.155257]}}