{"validation_0": {"logloss": [0.214122, 0.107938, 0.063314, 0.041183, 0.029101, 0.022005, 0.017277, 0.014093, 0.011862, 0.010064, 0.00884, 0.007772, 0.006941, 0.006286, 0.00575, 0.005348, 0.004949, 0.004593, 0.004302, 0.004061, 0.003822, 0.003649]}, "validation_1": {"logloss": [0.29378, 0.225704, 0.206243, 0.196242, 0.189378, 0.188482, 0.187917, 0.185771, 0.183124, 0.180585, 0.182436, 0.181888, 0.180207, 0.181678, 0.181397, 0.182039, 0.182409, 0.18249, 0.183293, 0.183667, 0.182547, 0.182934]}}