{"validation_0": {"logloss": [0.362199, 0.22459, 0.149371, 0.10454, 0.07613, 0.057389, 0.04479, 0.035791, 0.029613, 0.025046, 0.02134, 0.018699, 0.016568, 0.014809, 0.013127, 0.011978, 0.010925, 0.010148, 0.00939, 0.008782, 0.008278, 0.007748, 0.007321, 0.006923, 0.006525]}, "validation_1": {"logloss": [0.406514, 0.294792, 0.236745, 0.2061, 0.188076, 0.177322, 0.170973, 0.165895, 0.164748, 0.163197, 0.160694, 0.160159, 0.160317, 0.161004, 0.159404, 0.15913, 0.159534, 0.160265, 0.159914, 0.160331, 0.160398, 0.159781, 0.159847, 0.160099, 0.159806]}}