{"validation_0": {"logloss": [0.641317, 0.596471, 0.556517, 0.521606, 0.490293, 0.461886, 0.436743, 0.41371, 0.392992, 0.37424, 0.356967, 0.341381, 0.326784, 0.31368, 0.301588, 0.290565, 0.280343, 0.270944, 0.262207, 0.254249, 0.246358, 0.239056, 0.232416, 0.226483, 0.221009, 0.215557, 0.21048, 0.205761, 0.201488, 0.197314, 0.193537, 0.190024, 0.18682, 0.183712, 0.180794, 0.178148, 0.175789, 0.173399, 0.171229, 0.169247, 0.167249, 0.16535, 0.163612, 0.16193, 0.160353, 0.158941, 0.157574, 0.155972, 0.15481, 0.153561, 0.152239, 0.151254, 0.150279, 0.149391, 0.148297, 0.147519, 0.146487, 0.145659, 0.145103, 0.14436, 0.143537, 0.142696, 0.141864, 0.141346, 0.140881, 0.140265, 0.139611, 0.138712, 0.138109, 0.13734, 0.136989, 0.136373, 0.135987, 0.135603, 0.134785, 0.134094, 0.133462, 0.132906, 0.132681, 0.132239, 0.132005, 0.131406, 0.131142, 0.130959, 0.130533, 0.129859, 0.12893, 0.128734, 0.128335, 0.128044, 0.126968, 0.126744, 0.126228, 0.125528, 0.125326, 0.124902, 0.124655, 0.123938, 0.12375, 0.123545]}, "validation_1": {"logloss": [0.642131, 0.598042, 0.558848, 0.524571, 0.493817, 0.46585, 0.441178, 0.418677, 0.398482, 0.380315, 0.363457, 0.348397, 0.33421, 0.321387, 0.309568, 0.298745, 0.288801, 0.279628, 0.271155, 0.263403, 0.25578, 0.24877, 0.242337, 0.236652, 0.231347, 0.226067, 0.22109, 0.21665, 0.212386, 0.208476, 0.204856, 0.201471, 0.19849, 0.195563, 0.192715, 0.190127, 0.187884, 0.18556, 0.183401, 0.181571, 0.179648, 0.177853, 0.176311, 0.174741, 0.173283, 0.171867, 0.170658, 0.169254, 0.168162, 0.167101, 0.166062, 0.1651, 0.16422, 0.163456, 0.162608, 0.161953, 0.161145, 0.16056, 0.160051, 0.159532, 0.158806, 0.158193, 0.157542, 0.157106, 0.156762, 0.156264, 0.155741, 0.15504, 0.154544, 0.154121, 0.153863, 0.153491, 0.153195, 0.152829, 0.152332, 0.151713, 0.151179, 0.150862, 0.150711, 0.15044, 0.150346, 0.149956, 0.149868, 0.149744, 0.149462, 0.149097, 0.148633, 0.148558, 0.148204, 0.147984, 0.147315, 0.147247, 0.147119, 0.146662, 0.14656, 0.146215, 0.146047, 0.145671, 0.145631, 0.145546]}}