{"validation_0": {"logloss": [0.441529, 0.321504, 0.250925, 0.207652, 0.178901, 0.157925, 0.145161, 0.13487, 0.127973, 0.121565, 0.117618, 0.114603, 0.111129, 0.103896, 0.099558, 0.0961, 0.092684, 0.087508, 0.083544, 0.082303, 0.079383, 0.078019, 0.075439, 0.071841, 0.066306, 0.064398, 0.062055, 0.060819, 0.059802, 0.058969, 0.057575, 0.055371, 0.054434, 0.053902, 0.05305, 0.050757, 0.047897, 0.047281, 0.043324, 0.041234, 0.040153, 0.038659, 0.037001, 0.034659, 0.033957, 0.033179, 0.031387, 0.030351, 0.029496, 0.028873, 0.028314, 0.027655, 0.026454]}, "validation_1": {"logloss": [0.450211, 0.336648, 0.270049, 0.229459, 0.203542, 0.18515, 0.17466, 0.166042, 0.159884, 0.156409, 0.154331, 0.152058, 0.149605, 0.143853, 0.142663, 0.140651, 0.13969, 0.136838, 0.136589, 0.136616, 0.135327, 0.135398, 0.135106, 0.134681, 0.134786, 0.132724, 0.132226, 0.132266, 0.132084, 0.132358, 0.131949, 0.132165, 0.13253, 0.132408, 0.13205, 0.132777, 0.132617, 0.132698, 0.130432, 0.130486, 0.13091, 0.130998, 0.130398, 0.130127, 0.130293, 0.131061, 0.130738, 0.130496, 0.130443, 0.130452, 0.130639, 0.130417, 0.13082]}}