{"validation_0": {"logloss": [0.62574, 0.569849, 0.522121, 0.481516, 0.445853, 0.414796, 0.387699, 0.363607, 0.342542, 0.323463, 0.306633, 0.291639, 0.277714, 0.265542, 0.254571, 0.244762, 0.23536, 0.227299, 0.219748, 0.213233, 0.206753, 0.201092, 0.195867, 0.191031, 0.186647, 0.18263, 0.178946, 0.17565, 0.172566, 0.169702, 0.16713, 0.164853, 0.162713, 0.160674, 0.158765, 0.15697, 0.154814, 0.153136, 0.15178, 0.15067, 0.149099, 0.147855, 0.146629, 0.145825, 0.144836, 0.143959, 0.143017, 0.142399, 0.141505, 0.140936, 0.139977, 0.139264, 0.138399, 0.137555, 0.136584, 0.135996, 0.135222, 0.134357, 0.133817, 0.133449, 0.132932, 0.13244, 0.131968, 0.13127, 0.13081, 0.130227, 0.130022, 0.128453, 0.128028, 0.126632, 0.126, 0.125522, 0.125242, 0.123916, 0.123368, 0.122527, 0.122068, 0.12091, 0.120024, 0.119172, 0.117176, 0.116426, 0.115737, 0.114609, 0.113511, 0.11281, 0.111994, 0.110719, 0.109743, 0.109484, 0.108998, 0.108662, 0.108179, 0.107137, 0.106524, 0.105942, 0.105372, 0.10467, 0.104344, 0.103976]}, "validation_1": {"logloss": [0.626823, 0.571984, 0.524978, 0.485331, 0.450365, 0.419637, 0.393321, 0.369586, 0.349318, 0.330792, 0.314406, 0.29971, 0.286129, 0.27424, 0.263639, 0.254218, 0.245179, 0.237447, 0.230077, 0.223848, 0.217635, 0.212289, 0.207256, 0.202576, 0.198633, 0.194704, 0.191159, 0.188031, 0.184984, 0.182374, 0.179767, 0.177822, 0.175823, 0.173899, 0.17211, 0.170477, 0.168629, 0.167235, 0.166016, 0.164983, 0.163659, 0.16269, 0.161683, 0.160923, 0.160187, 0.159427, 0.158683, 0.158183, 0.157508, 0.157032, 0.156409, 0.155943, 0.155415, 0.15488, 0.154018, 0.153659, 0.153081, 0.152367, 0.152135, 0.151883, 0.151582, 0.15131, 0.151161, 0.150658, 0.150406, 0.150104, 0.149996, 0.148846, 0.148655, 0.147617, 0.14728, 0.146916, 0.146665, 0.145566, 0.1452, 0.144543, 0.144335, 0.143653, 0.143328, 0.142645, 0.141387, 0.141124, 0.140771, 0.140087, 0.139551, 0.139429, 0.138744, 0.137745, 0.137567, 0.137576, 0.137179, 0.136977, 0.136821, 0.136096, 0.136032, 0.135602, 0.135294, 0.134874, 0.134723, 0.134495]}}