{"validation_0": {"logloss": [0.362183, 0.253985, 0.206196, 0.174365, 0.157924, 0.146775, 0.141331, 0.13602, 0.132725, 0.128319, 0.123078, 0.116213, 0.112238, 0.106798, 0.101928, 0.094636, 0.090462, 0.087336, 0.082292, 0.077858, 0.074791, 0.073184, 0.07057, 0.069342, 0.066588, 0.063924, 0.063164, 0.059525, 0.05805, 0.055028]}, "validation_1": {"logloss": [0.368758, 0.26677, 0.22086, 0.190601, 0.175075, 0.165465, 0.160112, 0.156776, 0.153862, 0.150763, 0.151004, 0.150536, 0.147746, 0.144777, 0.142908, 0.139853, 0.139308, 0.139018, 0.136335, 0.134963, 0.134088, 0.134128, 0.135645, 0.135544, 0.134915, 0.134737, 0.135829, 0.136334, 0.135334, 0.136612]}}