{"validation_0": {"logloss": [0.434495, 0.318009, 0.254451, 0.214687, 0.18983, 0.172098, 0.161078, 0.152638, 0.145971, 0.141818, 0.137721, 0.133467, 0.128044, 0.126466, 0.125438, 0.12288, 0.112483, 0.107897, 0.103062, 0.10075, 0.09939, 0.095968, 0.092789, 0.089303, 0.087867, 0.086888, 0.084046, 0.08142, 0.080127, 0.073747, 0.072912, 0.071752, 0.069309, 0.067524, 0.066122, 0.065134, 0.063531, 0.062833, 0.062327, 0.059623, 0.058261, 0.057137, 0.055583, 0.05482, 0.05273, 0.052348, 0.051116, 0.050816]}, "validation_1": {"logloss": [0.439093, 0.325821, 0.264228, 0.225286, 0.201482, 0.185261, 0.174869, 0.166736, 0.160829, 0.158701, 0.155308, 0.152126, 0.149795, 0.149055, 0.1486, 0.146633, 0.139861, 0.137363, 0.134385, 0.13248, 0.132497, 0.129776, 0.129237, 0.129116, 0.129006, 0.129265, 0.129466, 0.128297, 0.127868, 0.121756, 0.121831, 0.121629, 0.119977, 0.119827, 0.119368, 0.11906, 0.119063, 0.119134, 0.119014, 0.119287, 0.120353, 0.120103, 0.12012, 0.119823, 0.11964, 0.119347, 0.119641, 0.119804]}}