{"validation_0": {"logloss": [0.466857, 0.338087, 0.252854, 0.194087, 0.151687, 0.120826, 0.097668, 0.080309, 0.066759, 0.056368, 0.048177, 0.041578, 0.036259, 0.032037, 0.028476, 0.025836, 0.023519, 0.021444, 0.01962, 0.018138, 0.016805, 0.015588, 0.0146, 0.013741, 0.012921, 0.012212, 0.011548, 0.010887, 0.010388, 0.009897, 0.009485, 0.008949, 0.00859, 0.008274, 0.007994, 0.007688, 0.007444, 0.007203, 0.006926, 0.006696, 0.00647, 0.006282, 0.006101, 0.005933, 0.005757, 0.005619, 0.005443, 0.005304, 0.00518]}, "validation_1": {"logloss": [0.494319, 0.385247, 0.31567, 0.269144, 0.237337, 0.215283, 0.199066, 0.186458, 0.177966, 0.171742, 0.16751, 0.16504, 0.161764, 0.159604, 0.15817, 0.156944, 0.156553, 0.155294, 0.155282, 0.155109, 0.154201, 0.153462, 0.153392, 0.153654, 0.152927, 0.153594, 0.153783, 0.152684, 0.153106, 0.152613, 0.152689, 0.151108, 0.151379, 0.151659, 0.152058, 0.151858, 0.152224, 0.15225, 0.150997, 0.150891, 0.150974, 0.151212, 0.151695, 0.151755, 0.151795, 0.15177, 0.150907, 0.151267, 0.151495]}}