{"validation_0": {"logloss": [0.409583, 0.295718, 0.234674, 0.200071, 0.177948, 0.163002, 0.153196, 0.146658, 0.143184, 0.137976, 0.13565, 0.133367, 0.130133, 0.127936, 0.119447, 0.112246, 0.108949, 0.101675, 0.097769, 0.094426, 0.091534, 0.088435, 0.086664, 0.084208, 0.081575, 0.077543, 0.075948, 0.075346, 0.07353, 0.072571, 0.069016, 0.067925, 0.066903, 0.066421, 0.065104, 0.064072]}, "validation_1": {"logloss": [0.414817, 0.304112, 0.245916, 0.213575, 0.192565, 0.17822, 0.169341, 0.163811, 0.160916, 0.158299, 0.156717, 0.155206, 0.153971, 0.153469, 0.146685, 0.141391, 0.140196, 0.137075, 0.137223, 0.136097, 0.13427, 0.134118, 0.133273, 0.132597, 0.13234, 0.129574, 0.129275, 0.129344, 0.129629, 0.130128, 0.130681, 0.129612, 0.130231, 0.13008, 0.130467, 0.130838]}}