{"validation_0": {"logloss": [0.485875, 0.368803, 0.293715, 0.242607, 0.206919, 0.180831, 0.160467, 0.145345, 0.133552, 0.124232, 0.116919, 0.111675, 0.105935, 0.102569, 0.099654, 0.097015, 0.089843, 0.087176, 0.086007, 0.082417, 0.078989, 0.075195, 0.073542, 0.069154, 0.066953, 0.065854, 0.06376, 0.06157, 0.060785, 0.056321, 0.054512, 0.051869, 0.048883, 0.047818, 0.04582, 0.042561, 0.040393, 0.038925, 0.036552, 0.03512, 0.034143, 0.033342, 0.032752, 0.031954, 0.031285, 0.029308, 0.027866, 0.026872, 0.026002, 0.025555, 0.025267, 0.024338, 0.02361, 0.023373, 0.022623, 0.022228, 0.021855, 0.021265, 0.019865, 0.019326, 0.01884, 0.018404, 0.01789, 0.017809, 0.017043, 0.016109, 0.015812, 0.015295]}, "validation_1": {"logloss": [0.494398, 0.384048, 0.313639, 0.266313, 0.234209, 0.211537, 0.195266, 0.18399, 0.174982, 0.168186, 0.163095, 0.159437, 0.155984, 0.153831, 0.151991, 0.150144, 0.145787, 0.145227, 0.144725, 0.143043, 0.140126, 0.138176, 0.137413, 0.136298, 0.136433, 0.136111, 0.135444, 0.135152, 0.134813, 0.134112, 0.133707, 0.132794, 0.131633, 0.130524, 0.130896, 0.130348, 0.128123, 0.127687, 0.12759, 0.127507, 0.128045, 0.127903, 0.127625, 0.127332, 0.127679, 0.127693, 0.127673, 0.127736, 0.127376, 0.127289, 0.127435, 0.127114, 0.127703, 0.127765, 0.127758, 0.12811, 0.128092, 0.128526, 0.12669, 0.126917, 0.127161, 0.127278, 0.127488, 0.127492, 0.12778, 0.126806, 0.126818, 0.127507]}}