{"validation_0": {"logloss": [0.27884, 0.154176, 0.094215, 0.062324, 0.043854, 0.032739, 0.025578, 0.020761, 0.01735, 0.014874, 0.012716, 0.011226, 0.010105, 0.009192, 0.008368, 0.007698]}, "validation_1": {"logloss": [0.340453, 0.247496, 0.208393, 0.189493, 0.179886, 0.1747, 0.171734, 0.171828, 0.172468, 0.17437, 0.173806, 0.172614, 0.172243, 0.173805, 0.173121, 0.172969]}}