{"validation_0": {"logloss": [0.466857, 0.33807, 0.252843, 0.194083, 0.15161, 0.120794, 0.097779, 0.08058, 0.067111, 0.056756, 0.048499, 0.041911, 0.03669, 0.032237, 0.028588, 0.02565, 0.023352, 0.021324, 0.019558, 0.01797, 0.01665, 0.015534, 0.014616, 0.013733, 0.012854, 0.012038, 0.011426, 0.010835, 0.010331, 0.009834, 0.0094, 0.008959, 0.008614, 0.008268, 0.007926]}, "validation_1": {"logloss": [0.494319, 0.385264, 0.315694, 0.26899, 0.236901, 0.214934, 0.199035, 0.18793, 0.180057, 0.174573, 0.170154, 0.166539, 0.164947, 0.162705, 0.161104, 0.159924, 0.159964, 0.159403, 0.158903, 0.1584, 0.157661, 0.15685, 0.157029, 0.157034, 0.15632, 0.155136, 0.155169, 0.155506, 0.155988, 0.156614, 0.156716, 0.156333, 0.157038, 0.157328, 0.157009]}}