{"validation_0": {"logloss": [0.396115, 0.283583, 0.22491, 0.192541, 0.17219, 0.160091, 0.151377, 0.147038, 0.141922, 0.13833, 0.13339, 0.130645, 0.126746, 0.120841, 0.109733, 0.10312, 0.098145, 0.096171, 0.093797, 0.09192, 0.08982, 0.088088, 0.086704, 0.083816, 0.078884, 0.07788, 0.077245, 0.076528, 0.074913, 0.070197, 0.067604, 0.065876, 0.065187, 0.063479, 0.061513, 0.059568, 0.056931, 0.055221, 0.054204, 0.052111, 0.051387, 0.050216, 0.045595, 0.043369, 0.042254, 0.041638, 0.041233, 0.040116, 0.0393, 0.038765, 0.038065, 0.035818, 0.03504, 0.033589, 0.032828, 0.031504, 0.031154, 0.030257, 0.029548, 0.028828, 0.028286, 0.027521, 0.027024, 0.026044, 0.025147, 0.024831, 0.024514, 0.024031, 0.02288, 0.022192]}, "validation_1": {"logloss": [0.401682, 0.292541, 0.236578, 0.20641, 0.187049, 0.175088, 0.16742, 0.163471, 0.160114, 0.156863, 0.155408, 0.154405, 0.15167, 0.151279, 0.143744, 0.141433, 0.140335, 0.13947, 0.13869, 0.138078, 0.138235, 0.138011, 0.13778, 0.137193, 0.135252, 0.13496, 0.135014, 0.135184, 0.134214, 0.132475, 0.132194, 0.131848, 0.131765, 0.131923, 0.13235, 0.132335, 0.13263, 0.133246, 0.133815, 0.133243, 0.133024, 0.133852, 0.128242, 0.127746, 0.128175, 0.127948, 0.127532, 0.127352, 0.127401, 0.127423, 0.127727, 0.127666, 0.127878, 0.127772, 0.127792, 0.125356, 0.125184, 0.125517, 0.124923, 0.125089, 0.124752, 0.125363, 0.125629, 0.126197, 0.125618, 0.12561, 0.125842, 0.126178, 0.126789, 0.127141]}}