{"validation_0": {"logloss": [0.41304, 0.27651, 0.194682, 0.141904, 0.106331, 0.082196, 0.06498, 0.052404, 0.043149, 0.036438, 0.031004, 0.026874, 0.023389, 0.020782, 0.018593, 0.016895, 0.015346, 0.014075, 0.013048, 0.012095, 0.011359, 0.010513, 0.009878, 0.009316, 0.008773, 0.008316, 0.007917, 0.007564, 0.007229, 0.006861, 0.006589]}, "validation_1": {"logloss": [0.448675, 0.336319, 0.271302, 0.231448, 0.205397, 0.189796, 0.177572, 0.169847, 0.166105, 0.164193, 0.161225, 0.159714, 0.157015, 0.156805, 0.155448, 0.155076, 0.154519, 0.154541, 0.155136, 0.155063, 0.155311, 0.153305, 0.153953, 0.154142, 0.154018, 0.154179, 0.154271, 0.154744, 0.154606, 0.15373, 0.153737]}}