{"validation_0": {"logloss": [0.465827, 0.351564, 0.282949, 0.238432, 0.209146, 0.188502, 0.174619, 0.164867, 0.157409, 0.151025, 0.145574, 0.142872, 0.139093, 0.135302, 0.134051, 0.1307, 0.127147, 0.125605, 0.120295, 0.113902, 0.110303, 0.109137, 0.106656, 0.103929, 0.099817, 0.097472, 0.095479, 0.093106, 0.090359, 0.088131, 0.087519, 0.086637, 0.085991, 0.084455, 0.083198, 0.08106, 0.079605, 0.078742, 0.077288, 0.076154, 0.075129, 0.072279, 0.071109, 0.06891, 0.067976, 0.067326, 0.066057, 0.064663, 0.064058, 0.063201, 0.062584, 0.060832, 0.059664, 0.058647]}, "validation_1": {"logloss": [0.469687, 0.35917, 0.292904, 0.250091, 0.221406, 0.201318, 0.18832, 0.179692, 0.172551, 0.166739, 0.162829, 0.160238, 0.157635, 0.156265, 0.155503, 0.152795, 0.150382, 0.150142, 0.146606, 0.14249, 0.140989, 0.140593, 0.138863, 0.138581, 0.136611, 0.135287, 0.135141, 0.132993, 0.132562, 0.13212, 0.132062, 0.131454, 0.131143, 0.131056, 0.130448, 0.129867, 0.129791, 0.129735, 0.129885, 0.130054, 0.130327, 0.129658, 0.129376, 0.129258, 0.128939, 0.128947, 0.129354, 0.129821, 0.129551, 0.129541, 0.129415, 0.129603, 0.129431, 0.129128]}}