{"validation_0": {"logloss": [0.339676, 0.236781, 0.193031, 0.166801, 0.150399, 0.140215, 0.1343, 0.127136, 0.119918, 0.11383, 0.110444, 0.102348, 0.097199, 0.092479, 0.088479, 0.085438, 0.079199, 0.077667, 0.075035, 0.070917, 0.068858, 0.066854, 0.065787, 0.062396, 0.061425, 0.059784]}, "validation_1": {"logloss": [0.347006, 0.250896, 0.209883, 0.183418, 0.171154, 0.164908, 0.158895, 0.155118, 0.152278, 0.148938, 0.147395, 0.143156, 0.142291, 0.142066, 0.140952, 0.140969, 0.138391, 0.138783, 0.138801, 0.139759, 0.138649, 0.139393, 0.140188, 0.140831, 0.140689, 0.140611]}}