{"validation_0": {"logloss": [0.633121, 0.581058, 0.534981, 0.494272, 0.457674, 0.424649, 0.394811, 0.367641, 0.342803, 0.320294, 0.299522, 0.280365, 0.26288, 0.246766, 0.231832, 0.218192, 0.205377, 0.193498, 0.182502, 0.172301, 0.162834, 0.153998, 0.145809, 0.138165, 0.131115, 0.124465, 0.118155, 0.112271, 0.106822, 0.101744, 0.096955, 0.092487, 0.088283, 0.084291, 0.08057, 0.077061, 0.073764, 0.070631, 0.067728, 0.064951, 0.062392, 0.059973, 0.057688, 0.055487, 0.053416, 0.051427, 0.049577, 0.047795, 0.046149, 0.044604, 0.043078, 0.041618, 0.040283, 0.038985, 0.037742, 0.036596, 0.035492, 0.034449, 0.033436, 0.032468, 0.031569, 0.030709, 0.029917, 0.029136, 0.02838, 0.027656, 0.026987, 0.026327, 0.025675, 0.025047, 0.024471, 0.023918, 0.023369, 0.02286, 0.022371, 0.021885, 0.021403, 0.020988, 0.020573, 0.020141, 0.019754, 0.019382, 0.019035, 0.01866, 0.018319, 0.017966, 0.017653, 0.017344, 0.017029, 0.016734, 0.01645, 0.016181, 0.01591, 0.015669, 0.015411, 0.015173, 0.014952, 0.01471, 0.014493, 0.014275]}, "validation_1": {"logloss": [0.639658, 0.593008, 0.55197, 0.51623, 0.484797, 0.456185, 0.430965, 0.407933, 0.386716, 0.367946, 0.350708, 0.335134, 0.320854, 0.308263, 0.296603, 0.285839, 0.275748, 0.266207, 0.257496, 0.249658, 0.242113, 0.235474, 0.229023, 0.223233, 0.218062, 0.213035, 0.208424, 0.204271, 0.200379, 0.196858, 0.193565, 0.190671, 0.18756, 0.184859, 0.182199, 0.179808, 0.177555, 0.175738, 0.173724, 0.171777, 0.170036, 0.168441, 0.167038, 0.165625, 0.164534, 0.163352, 0.162379, 0.161395, 0.160645, 0.159909, 0.158996, 0.15808, 0.157427, 0.156626, 0.155758, 0.155244, 0.154654, 0.154244, 0.153459, 0.15293, 0.152506, 0.152078, 0.151741, 0.151301, 0.151022, 0.150794, 0.150573, 0.150314, 0.150021, 0.149572, 0.149412, 0.149355, 0.148961, 0.148875, 0.148679, 0.148653, 0.148416, 0.148471, 0.148264, 0.147973, 0.147847, 0.147707, 0.147609, 0.147261, 0.147081, 0.146842, 0.146662, 0.146506, 0.146563, 0.146345, 0.146276, 0.146221, 0.146024, 0.145933, 0.145831, 0.145824, 0.145829, 0.145704, 0.145826, 0.145767]}}