{"validation_0": {"logloss": [0.638984, 0.591893, 0.550429, 0.513623, 0.481002, 0.451537, 0.42478, 0.400837, 0.379068, 0.359373, 0.341112, 0.324744, 0.30972, 0.295969, 0.283396, 0.271809, 0.260881, 0.25085, 0.241853, 0.233243, 0.225383, 0.21806, 0.211146, 0.204717, 0.198841, 0.19355, 0.188246, 0.183608, 0.17896, 0.174572, 0.170561, 0.166874, 0.163296, 0.160069, 0.157062, 0.154244, 0.151593, 0.148987, 0.146386, 0.14401, 0.142094, 0.140296, 0.13837, 0.136305, 0.134677, 0.132747, 0.131421, 0.129873, 0.128749, 0.1274, 0.125914, 0.12453, 0.123311, 0.122303, 0.121486, 0.120461, 0.119784, 0.118818, 0.117408, 0.116386, 0.115568, 0.114761, 0.11427, 0.113482, 0.112608, 0.111653, 0.110859, 0.110332, 0.109482, 0.108794, 0.108329, 0.107851, 0.107243, 0.106773, 0.106176, 0.105498, 0.104035, 0.10292, 0.102484, 0.101966, 0.101546, 0.101353, 0.100338, 0.099439, 0.098542, 0.097901, 0.097218, 0.096826, 0.096626, 0.096006, 0.095575, 0.095271, 0.094917, 0.094426, 0.093274, 0.092803, 0.091948, 0.091166, 0.0905, 0.090054]}, "validation_1": {"logloss": [0.640595, 0.595057, 0.554964, 0.519191, 0.48786, 0.459538, 0.433628, 0.410766, 0.389908, 0.370937, 0.353714, 0.338115, 0.323881, 0.310777, 0.298882, 0.288096, 0.277832, 0.268383, 0.259941, 0.251876, 0.244516, 0.23784, 0.231485, 0.225667, 0.220384, 0.215467, 0.210745, 0.206567, 0.202606, 0.198825, 0.195371, 0.192179, 0.189127, 0.186291, 0.183857, 0.181293, 0.17892, 0.176837, 0.174657, 0.172684, 0.171126, 0.16976, 0.16818, 0.166511, 0.165236, 0.163681, 0.162627, 0.161288, 0.160398, 0.159364, 0.158453, 0.157546, 0.156513, 0.155681, 0.155004, 0.154399, 0.153888, 0.153166, 0.151909, 0.150891, 0.150236, 0.149773, 0.149319, 0.14885, 0.148415, 0.147706, 0.147032, 0.146726, 0.146069, 0.14572, 0.145393, 0.145052, 0.144761, 0.144562, 0.144303, 0.143965, 0.142732, 0.141766, 0.14161, 0.14147, 0.141195, 0.141081, 0.140217, 0.139706, 0.139356, 0.138866, 0.138714, 0.138619, 0.138498, 0.138264, 0.138027, 0.137757, 0.137561, 0.137419, 0.136663, 0.136193, 0.13599, 0.135633, 0.135377, 0.135079]}}