{"validation_0": {"logloss": [0.41304, 0.27651, 0.194682, 0.141904, 0.106328, 0.082127, 0.064888, 0.05241, 0.043197, 0.036355, 0.031045, 0.026915, 0.023734, 0.021054, 0.018814, 0.017116, 0.015484, 0.014215, 0.013045, 0.012142, 0.011258, 0.010512, 0.009838, 0.009202, 0.008702, 0.008236, 0.007821, 0.00744, 0.007108, 0.006795, 0.006511, 0.006252, 0.00603, 0.005804, 0.00561, 0.005413]}, "validation_1": {"logloss": [0.448675, 0.336319, 0.271302, 0.231448, 0.205421, 0.189797, 0.178035, 0.17045, 0.165881, 0.163438, 0.161207, 0.15943, 0.158795, 0.157838, 0.157415, 0.1572, 0.155123, 0.155403, 0.154044, 0.154403, 0.1534, 0.153331, 0.153432, 0.15258, 0.153406, 0.152555, 0.152554, 0.152915, 0.15284, 0.15311, 0.15376, 0.153907, 0.154859, 0.154064, 0.154237, 0.15444]}}