{"validation_0": {"logloss": [0.45272, 0.33624, 0.270325, 0.229233, 0.200463, 0.182654, 0.169533, 0.159904, 0.152375, 0.148234, 0.144239, 0.137855, 0.134173, 0.131453, 0.128146, 0.125493, 0.119513, 0.114411, 0.109915, 0.105524, 0.103502, 0.101361, 0.100041, 0.09782, 0.096925, 0.095316, 0.092568, 0.090859, 0.089647, 0.08812, 0.082687, 0.081347, 0.077728, 0.07723, 0.076049, 0.073774, 0.071827, 0.069877, 0.069109, 0.067436, 0.065933, 0.064197, 0.0633, 0.061944, 0.060126, 0.059355, 0.058901, 0.058654, 0.057396, 0.055549, 0.054372, 0.053399, 0.052815, 0.052206, 0.051379, 0.050233, 0.04946, 0.048792, 0.048096, 0.047611, 0.047437, 0.04646, 0.044288, 0.043242, 0.042712, 0.041842, 0.041029, 0.04003, 0.039106, 0.038452, 0.037501, 0.037288, 0.036655, 0.035971, 0.035547, 0.034883]}, "validation_1": {"logloss": [0.456886, 0.343794, 0.279152, 0.239403, 0.211584, 0.195161, 0.183303, 0.174294, 0.167853, 0.164419, 0.161069, 0.157366, 0.154737, 0.152941, 0.150622, 0.148294, 0.143934, 0.140947, 0.138049, 0.13737, 0.136683, 0.134905, 0.134534, 0.133842, 0.133661, 0.132819, 0.132339, 0.131709, 0.131686, 0.13095, 0.125197, 0.124844, 0.124297, 0.12442, 0.123436, 0.122954, 0.122637, 0.121906, 0.122049, 0.121871, 0.121779, 0.121947, 0.121749, 0.120912, 0.120868, 0.121082, 0.121, 0.12105, 0.120455, 0.12064, 0.120483, 0.120153, 0.120123, 0.119797, 0.119105, 0.118902, 0.119133, 0.119197, 0.119194, 0.119437, 0.119441, 0.11958, 0.119037, 0.119295, 0.119519, 0.118799, 0.118757, 0.119177, 0.119533, 0.119568, 0.119677, 0.119891, 0.120154, 0.120449, 0.120335, 0.119997]}}