{"validation_0": {"logloss": [0.58218, 0.500489, 0.437568, 0.387673, 0.34817, 0.315592, 0.289289, 0.267502, 0.24925, 0.232868, 0.220203, 0.208724, 0.199138, 0.190672, 0.183382, 0.177553, 0.172258, 0.167404, 0.16337, 0.15986, 0.156122, 0.153504, 0.151111, 0.149053, 0.147068, 0.144819, 0.143611, 0.141967, 0.140276, 0.138377, 0.137656, 0.136655, 0.135588, 0.134982, 0.133616, 0.132323, 0.13081, 0.129275, 0.12819, 0.127755, 0.126192, 0.125435, 0.124226, 0.122886, 0.121496, 0.120972, 0.118481, 0.115158, 0.113963, 0.111926, 0.110923, 0.110264, 0.109009, 0.107348, 0.105705, 0.104222, 0.103907, 0.103354, 0.1025, 0.101864, 0.100869, 0.099006, 0.097837, 0.09707, 0.096673, 0.096075, 0.095272, 0.094348, 0.09396, 0.093049, 0.091408, 0.090448, 0.089895, 0.08868, 0.087724, 0.086806, 0.086372, 0.086217, 0.085491, 0.08529, 0.083934, 0.083049, 0.082527, 0.081924, 0.080813, 0.08006, 0.079807, 0.079628, 0.078738, 0.078014, 0.077126, 0.076471, 0.075852, 0.075138, 0.074514, 0.07416, 0.073666, 0.073332, 0.072796, 0.071974]}, "validation_1": {"logloss": [0.5838, 0.503958, 0.442546, 0.39347, 0.354821, 0.323719, 0.297808, 0.276652, 0.259245, 0.243564, 0.231143, 0.219937, 0.210694, 0.202481, 0.195482, 0.189863, 0.184789, 0.179818, 0.176169, 0.172796, 0.169417, 0.167092, 0.165288, 0.163329, 0.161598, 0.159696, 0.15867, 0.157487, 0.156445, 0.155148, 0.154657, 0.154042, 0.153201, 0.152732, 0.151592, 0.151212, 0.150174, 0.148999, 0.148504, 0.148355, 0.147334, 0.146949, 0.146225, 0.145802, 0.145107, 0.14506, 0.143047, 0.140973, 0.140185, 0.138814, 0.138488, 0.138161, 0.138133, 0.137082, 0.135591, 0.135357, 0.135231, 0.135174, 0.13466, 0.13432, 0.133385, 0.132261, 0.132033, 0.131817, 0.1317, 0.131596, 0.131705, 0.131335, 0.131299, 0.130907, 0.129926, 0.129451, 0.129211, 0.128983, 0.128197, 0.127884, 0.127799, 0.127735, 0.127646, 0.127588, 0.126972, 0.126728, 0.126859, 0.126868, 0.126433, 0.126231, 0.126102, 0.126122, 0.12628, 0.126141, 0.125815, 0.125732, 0.125325, 0.12539, 0.125384, 0.125435, 0.125374, 0.125223, 0.125278, 0.124911]}}