{"validation_0": {"logloss": [0.3229, 0.216901, 0.169413, 0.142163, 0.129868, 0.11979, 0.106756, 0.103505, 0.095619, 0.088449, 0.083239, 0.08001, 0.070936, 0.0688, 0.059277, 0.055301, 0.051627, 0.049368, 0.045119, 0.041867, 0.040659, 0.039035]}, "validation_1": {"logloss": [0.337912, 0.242456, 0.200781, 0.177405, 0.169385, 0.162518, 0.15332, 0.151839, 0.151742, 0.149075, 0.149325, 0.149014, 0.145393, 0.147548, 0.148675, 0.148117, 0.147423, 0.146412, 0.145652, 0.145773, 0.146439, 0.147428]}}