{"validation_0": {"logloss": [0.362199, 0.22459, 0.149371, 0.104549, 0.076136, 0.0575, 0.044798, 0.03605, 0.029765, 0.0252, 0.021656, 0.018707, 0.016553, 0.014819, 0.013421, 0.012303, 0.011329, 0.010469, 0.009664, 0.00899, 0.008421, 0.007813, 0.007287, 0.006889, 0.006482, 0.006182, 0.005873, 0.005622, 0.005398, 0.005177, 0.005002, 0.004831, 0.004641, 0.004451]}, "validation_1": {"logloss": [0.406514, 0.294792, 0.236745, 0.206133, 0.188076, 0.17668, 0.169364, 0.165483, 0.163534, 0.162748, 0.161955, 0.160403, 0.160831, 0.160635, 0.160689, 0.160143, 0.160747, 0.16079, 0.159282, 0.159951, 0.16014, 0.15913, 0.158122, 0.158483, 0.15725, 0.158175, 0.158971, 0.159378, 0.159961, 0.159947, 0.160902, 0.161342, 0.160796, 0.159812]}}