{"validation_0": {"logloss": [0.245878, 0.170004, 0.138638, 0.124812, 0.112477, 0.097412, 0.089765, 0.076702, 0.073632, 0.060654, 0.050535, 0.047568, 0.044125, 0.043155, 0.037949, 0.032493, 0.026655]}, "validation_1": {"logloss": [0.267427, 0.200935, 0.172897, 0.16805, 0.159413, 0.157141, 0.158167, 0.155429, 0.15665, 0.155737, 0.158463, 0.157705, 0.159085, 0.159496, 0.159954, 0.162685, 0.163562]}}