{"validation_0": {"logloss": [0.489571, 0.374931, 0.301417, 0.251982, 0.215969, 0.190683, 0.17198, 0.158022, 0.147135, 0.138459, 0.131526, 0.125822, 0.120836, 0.11773, 0.113069, 0.11095, 0.106856, 0.100249, 0.098951, 0.096446, 0.092742, 0.08832, 0.085075, 0.083078, 0.081489, 0.07972, 0.075704, 0.07438, 0.072548, 0.069042, 0.067893, 0.064129, 0.063387, 0.061137, 0.059613, 0.058918, 0.057605, 0.056004, 0.05376, 0.052677, 0.049061, 0.048429, 0.04634, 0.045492, 0.042923, 0.041602, 0.041279, 0.040659, 0.040213, 0.038828, 0.038239, 0.03694]}, "validation_1": {"logloss": [0.496269, 0.386337, 0.316982, 0.270273, 0.236841, 0.213904, 0.197514, 0.185357, 0.176357, 0.169057, 0.163621, 0.158852, 0.155258, 0.153163, 0.150397, 0.148786, 0.14628, 0.14188, 0.141149, 0.140739, 0.1371, 0.134221, 0.133693, 0.132604, 0.132137, 0.130596, 0.129276, 0.129359, 0.129046, 0.12816, 0.12821, 0.124645, 0.124209, 0.124042, 0.124492, 0.124097, 0.123899, 0.123807, 0.123316, 0.123426, 0.122467, 0.12262, 0.121073, 0.121225, 0.121505, 0.122028, 0.121881, 0.121787, 0.121751, 0.121732, 0.121546, 0.121147]}}