{"validation_0": {"logloss": [0.189203, 0.092828, 0.053115, 0.034427, 0.02453, 0.018664, 0.014804, 0.012225, 0.01026, 0.008635, 0.007633, 0.006628, 0.005999, 0.005508, 0.005041, 0.004597, 0.004227, 0.003949, 0.003736, 0.003484, 0.003294]}, "validation_1": {"logloss": [0.277769, 0.217062, 0.19424, 0.187059, 0.188297, 0.189384, 0.189075, 0.18735, 0.185313, 0.185526, 0.186184, 0.181011, 0.183443, 0.185481, 0.185832, 0.184303, 0.184175, 0.185624, 0.186561, 0.186643, 0.187052]}}