{"validation_0": {"logloss": [0.654796, 0.620366, 0.589051, 0.560356, 0.533799, 0.509583, 0.48746, 0.466826, 0.447806, 0.429976, 0.413654, 0.398432, 0.384221, 0.370722, 0.3583, 0.346633, 0.335484, 0.325306, 0.315616, 0.30658, 0.29811, 0.290168, 0.282667, 0.275497, 0.268801, 0.262462, 0.256169, 0.25058, 0.244914, 0.239832, 0.234817, 0.230076, 0.225568, 0.221196, 0.217332, 0.213479, 0.209983, 0.206533, 0.203323, 0.200245, 0.197252, 0.194446, 0.19181, 0.189334, 0.186899, 0.184642, 0.182451, 0.180413, 0.178436, 0.176514, 0.174703, 0.173029, 0.171383, 0.169788, 0.168308, 0.166808, 0.165494, 0.164139, 0.162881, 0.161732, 0.160583, 0.159544, 0.158415, 0.157435, 0.156431, 0.155373, 0.154528, 0.15372, 0.152652, 0.151669, 0.150835, 0.150141, 0.149391, 0.148659, 0.148112, 0.147339, 0.146848, 0.146314, 0.145668, 0.145155, 0.144634, 0.143967, 0.143612, 0.143086, 0.142561, 0.142122, 0.141745, 0.141164, 0.140771, 0.140306, 0.140019, 0.1395, 0.139063, 0.138632, 0.138037, 0.137558, 0.137231, 0.136704, 0.136168, 0.135985]}, "validation_1": {"logloss": [0.655433, 0.621588, 0.59089, 0.56259, 0.536455, 0.512653, 0.491012, 0.470698, 0.451942, 0.434406, 0.418498, 0.403646, 0.389895, 0.376621, 0.364632, 0.353316, 0.342532, 0.332554, 0.32309, 0.314278, 0.305979, 0.298214, 0.290909, 0.283934, 0.277478, 0.271327, 0.265257, 0.259858, 0.254377, 0.249441, 0.244595, 0.239956, 0.235542, 0.231328, 0.227656, 0.223895, 0.220493, 0.217135, 0.21406, 0.211047, 0.20823, 0.205519, 0.202976, 0.200532, 0.198283, 0.196138, 0.193966, 0.192058, 0.190174, 0.188277, 0.186481, 0.18487, 0.183393, 0.181829, 0.180444, 0.179162, 0.177966, 0.176715, 0.175551, 0.174497, 0.173397, 0.172358, 0.171291, 0.170476, 0.169518, 0.168572, 0.167786, 0.167071, 0.166135, 0.16526, 0.164617, 0.164025, 0.163451, 0.162873, 0.162356, 0.161698, 0.161227, 0.160802, 0.160377, 0.159927, 0.15952, 0.159052, 0.158738, 0.158313, 0.157827, 0.157533, 0.157227, 0.156785, 0.156515, 0.156161, 0.155933, 0.155519, 0.155221, 0.154859, 0.154504, 0.154143, 0.153951, 0.153632, 0.153175, 0.153054]}}