{"validation_0": {"logloss": [0.27884, 0.154176, 0.094215, 0.062324, 0.043854, 0.032739, 0.025531, 0.020734, 0.017299, 0.014602, 0.012701, 0.011224, 0.009995, 0.008952, 0.008146, 0.007497, 0.006872, 0.00631, 0.00585]}, "validation_1": {"logloss": [0.340453, 0.247496, 0.208393, 0.189493, 0.179886, 0.1747, 0.171743, 0.171498, 0.170474, 0.165604, 0.16598, 0.165744, 0.166683, 0.167512, 0.168565, 0.168558, 0.168487, 0.169027, 0.168242]}}