{"validation_0": {"logloss": [0.564339, 0.469206, 0.395711, 0.337032, 0.289189, 0.250041, 0.217265, 0.189954, 0.166815, 0.147086, 0.130389, 0.11616, 0.103816, 0.093246, 0.084125, 0.076166, 0.069178, 0.063041, 0.057623, 0.052849, 0.048721, 0.045032, 0.041628, 0.038676, 0.036089, 0.033783, 0.031657, 0.029781, 0.028018, 0.026496, 0.025158, 0.023888, 0.022686, 0.021632, 0.02065, 0.01967, 0.018832, 0.018064, 0.017338, 0.016661, 0.016055, 0.015458, 0.014893, 0.014313, 0.01384, 0.013387, 0.01293, 0.012541, 0.012121, 0.011777, 0.011462, 0.01114, 0.01086, 0.010588, 0.010317, 0.010063, 0.009814, 0.0096, 0.009365]}, "validation_1": {"logloss": [0.578871, 0.495056, 0.431804, 0.382069, 0.342317, 0.31062, 0.284417, 0.262752, 0.244166, 0.229391, 0.216879, 0.2065, 0.19733, 0.190205, 0.184676, 0.179746, 0.175026, 0.171209, 0.168119, 0.165212, 0.163039, 0.160705, 0.158638, 0.157001, 0.156031, 0.15494, 0.154247, 0.153623, 0.152442, 0.152142, 0.151824, 0.151398, 0.150873, 0.150385, 0.150301, 0.150017, 0.14978, 0.149553, 0.149474, 0.148978, 0.148682, 0.148771, 0.148106, 0.147454, 0.147516, 0.147536, 0.147223, 0.147296, 0.146961, 0.14679, 0.147114, 0.147101, 0.147158, 0.147246, 0.147158, 0.147014, 0.146971, 0.147389, 0.14769]}}