{"validation_0": {"logloss": [0.571455, 0.484866, 0.419638, 0.369009, 0.329617, 0.297994, 0.27187, 0.250932, 0.233389, 0.218694, 0.205942, 0.195559, 0.186715, 0.179174, 0.172908, 0.167439, 0.163106, 0.159521, 0.155816, 0.152846, 0.149875, 0.14765, 0.145838, 0.14409, 0.142172, 0.139845, 0.13836, 0.137559, 0.135971, 0.134087, 0.132738, 0.131649, 0.130371, 0.128469, 0.127979, 0.126423, 0.125506, 0.123515, 0.121021, 0.11966, 0.118093, 0.116675, 0.11337, 0.112007, 0.11115, 0.108556, 0.107321, 0.106332, 0.105865, 0.104292, 0.102628, 0.102268, 0.101287, 0.100236, 0.098267, 0.097381, 0.096325, 0.095875, 0.094486, 0.093773, 0.093318, 0.092248, 0.091313, 0.090666, 0.090325, 0.089168, 0.087369, 0.086417, 0.08547, 0.084202, 0.083786, 0.083029, 0.082366, 0.081783, 0.080638, 0.07957, 0.07849, 0.077404, 0.076837, 0.07518, 0.074817, 0.074323, 0.073916, 0.07345, 0.07278, 0.072534, 0.071611, 0.071291, 0.070725, 0.069816, 0.069245, 0.068591, 0.068199, 0.067682, 0.067125, 0.066419, 0.065903, 0.065464, 0.065309, 0.064045]}, "validation_1": {"logloss": [0.573329, 0.488663, 0.425151, 0.375454, 0.337373, 0.306385, 0.280977, 0.260665, 0.243823, 0.229673, 0.217594, 0.207572, 0.198968, 0.19168, 0.185737, 0.180601, 0.176433, 0.173383, 0.170244, 0.167629, 0.165092, 0.162953, 0.161456, 0.159617, 0.157767, 0.156103, 0.154941, 0.154362, 0.153193, 0.152099, 0.151133, 0.150442, 0.149538, 0.14865, 0.148498, 0.147333, 0.146943, 0.145364, 0.143268, 0.142479, 0.142342, 0.141442, 0.139088, 0.13831, 0.137954, 0.136521, 0.136157, 0.135462, 0.13514, 0.134466, 0.133696, 0.133702, 0.133603, 0.132781, 0.131384, 0.131, 0.130362, 0.130232, 0.130328, 0.130177, 0.13, 0.12936, 0.129274, 0.129065, 0.128971, 0.12825, 0.127305, 0.127366, 0.127276, 0.126923, 0.126818, 0.126384, 0.126213, 0.126071, 0.125918, 0.12564, 0.124942, 0.124979, 0.124963, 0.124697, 0.124405, 0.124302, 0.124246, 0.124387, 0.124333, 0.124276, 0.123673, 0.123465, 0.123168, 0.122544, 0.122414, 0.122387, 0.122387, 0.122362, 0.122441, 0.121931, 0.122021, 0.121951, 0.121973, 0.121406]}}