{"validation_0": {"logloss": [0.633121, 0.581058, 0.534981, 0.494272, 0.457674, 0.424649, 0.394811, 0.367641, 0.342803, 0.320294, 0.299522, 0.280365, 0.26288, 0.246766, 0.231832, 0.218192, 0.205377, 0.193498, 0.1825, 0.172297, 0.16283, 0.15405, 0.145788, 0.13819, 0.131071, 0.124329, 0.118134, 0.112261, 0.106845, 0.101758, 0.096983, 0.092501, 0.088242, 0.084269, 0.080574, 0.077034, 0.073725, 0.070638, 0.067769, 0.065028, 0.062423, 0.06, 0.057709, 0.055508, 0.053436, 0.051479, 0.04964, 0.047923, 0.046219, 0.04462, 0.043113, 0.041709, 0.040329, 0.039032, 0.037818, 0.036659, 0.035566, 0.034493, 0.033501, 0.032557, 0.031672, 0.030823, 0.029976, 0.029184, 0.028442, 0.027713, 0.027051, 0.026365, 0.025736, 0.025096, 0.02451, 0.02392, 0.023374, 0.022849, 0.022366, 0.021877, 0.021396, 0.020974, 0.02056, 0.020142, 0.019774, 0.019419, 0.019024, 0.018649, 0.018332, 0.017989, 0.017656, 0.017327, 0.017038, 0.016749, 0.016482, 0.016218, 0.015961, 0.015716, 0.015446, 0.01521, 0.014959, 0.014726, 0.014489, 0.014271]}, "validation_1": {"logloss": [0.639658, 0.593008, 0.55197, 0.51623, 0.484797, 0.456185, 0.430965, 0.407933, 0.386716, 0.367946, 0.350708, 0.335134, 0.320854, 0.308263, 0.296603, 0.285839, 0.275748, 0.266207, 0.25749, 0.249659, 0.242137, 0.235686, 0.229426, 0.223778, 0.218193, 0.213003, 0.208575, 0.204488, 0.200522, 0.196771, 0.193279, 0.190252, 0.186937, 0.184181, 0.181714, 0.179258, 0.177024, 0.175096, 0.173296, 0.171656, 0.170089, 0.168705, 0.167235, 0.165993, 0.164937, 0.163652, 0.162525, 0.161671, 0.160715, 0.159906, 0.159164, 0.158366, 0.157561, 0.156849, 0.156329, 0.155622, 0.154955, 0.154523, 0.154353, 0.153902, 0.153584, 0.153142, 0.152723, 0.152457, 0.15219, 0.151983, 0.151909, 0.151504, 0.151482, 0.151159, 0.150899, 0.15054, 0.150236, 0.150157, 0.150031, 0.149667, 0.149108, 0.149116, 0.149074, 0.148776, 0.148776, 0.148845, 0.148699, 0.148622, 0.148582, 0.148481, 0.148244, 0.148063, 0.148037, 0.147848, 0.147992, 0.14799, 0.147885, 0.147913, 0.147513, 0.147429, 0.147138, 0.147005, 0.146718, 0.146651]}}