{"validation_0": {"logloss": [0.633121, 0.581058, 0.534981, 0.494272, 0.457674, 0.424649, 0.394811, 0.367641, 0.342803, 0.320296, 0.299523, 0.280367, 0.262918, 0.24681, 0.231867, 0.218246, 0.20544, 0.193553, 0.182537, 0.172418, 0.162969, 0.154235, 0.146039, 0.138434, 0.131323, 0.124618, 0.118373, 0.112468, 0.107041, 0.101903, 0.09716, 0.092713, 0.088455, 0.084495, 0.080755, 0.077257, 0.073995, 0.070887, 0.067946, 0.065184, 0.062575, 0.060152, 0.057789, 0.055613, 0.053565, 0.05157, 0.049707, 0.047944, 0.046297, 0.044728, 0.043231, 0.041819, 0.040484, 0.03918, 0.037985, 0.036806, 0.035728, 0.034704, 0.033682, 0.032738, 0.031799, 0.030954, 0.030127, 0.02934, 0.028583, 0.027833, 0.027141, 0.026472, 0.025831, 0.02522, 0.024645, 0.024099, 0.023565, 0.023024, 0.022503, 0.021996, 0.021549, 0.021099, 0.020677, 0.020242, 0.01982, 0.019471, 0.019108, 0.018771, 0.018441, 0.018107, 0.017794, 0.017476, 0.017175, 0.016878, 0.016583, 0.016327, 0.01604, 0.015787, 0.015499, 0.015263, 0.015036, 0.014812, 0.014578, 0.014355]}, "validation_1": {"logloss": [0.639658, 0.593008, 0.55197, 0.51623, 0.484797, 0.456185, 0.430965, 0.407933, 0.386716, 0.367946, 0.350708, 0.335135, 0.320888, 0.308162, 0.296437, 0.285669, 0.27573, 0.266241, 0.257478, 0.249686, 0.242383, 0.235763, 0.229513, 0.22393, 0.218549, 0.213346, 0.208815, 0.204308, 0.200567, 0.196517, 0.192978, 0.189995, 0.186932, 0.184273, 0.181604, 0.179264, 0.177254, 0.175192, 0.173388, 0.171618, 0.169892, 0.168268, 0.166763, 0.165324, 0.164347, 0.163308, 0.162202, 0.161225, 0.160323, 0.159646, 0.158781, 0.158184, 0.157542, 0.156831, 0.156366, 0.155684, 0.155347, 0.154898, 0.154158, 0.153873, 0.153266, 0.152961, 0.152564, 0.152321, 0.152065, 0.151505, 0.151301, 0.150949, 0.150939, 0.150762, 0.150569, 0.150491, 0.150278, 0.150068, 0.149975, 0.149731, 0.149697, 0.149441, 0.14921, 0.149053, 0.148811, 0.148547, 0.148294, 0.148259, 0.148188, 0.148054, 0.147923, 0.147791, 0.147565, 0.147677, 0.147661, 0.147662, 0.147569, 0.1475, 0.147138, 0.147064, 0.147118, 0.147064, 0.146969, 0.146771]}}