{"validation_0": {"logloss": [0.577074, 0.49149, 0.425506, 0.373697, 0.332164, 0.2979, 0.269779, 0.246701, 0.227514, 0.211086, 0.197292, 0.185644, 0.175475, 0.16719, 0.159686, 0.152843, 0.147178, 0.141777, 0.137144, 0.133224, 0.130175, 0.127098, 0.123982, 0.121722, 0.118755, 0.115197, 0.113154, 0.11155, 0.109532, 0.108301, 0.10656, 0.105433, 0.101944, 0.10042, 0.099567, 0.09906, 0.097242, 0.095214, 0.094275, 0.092927, 0.09084, 0.089716, 0.088714, 0.086937, 0.084432, 0.083473, 0.08155, 0.080242, 0.079471, 0.07822, 0.075278, 0.074553, 0.073855, 0.073051, 0.071052, 0.069464, 0.06827, 0.067699, 0.067134, 0.066121, 0.064358, 0.063518, 0.062914, 0.062718, 0.061653, 0.06045, 0.059441, 0.058842, 0.058399, 0.057838, 0.057419, 0.056272, 0.05474, 0.054025, 0.05337, 0.052499, 0.052298, 0.050999, 0.049901, 0.04937, 0.048957, 0.048161, 0.047606, 0.046977, 0.046186, 0.045527, 0.043876, 0.043358, 0.043018, 0.042271, 0.041846, 0.041655, 0.041251, 0.041037, 0.040813, 0.040323, 0.040139, 0.039048, 0.038671, 0.038152]}, "validation_1": {"logloss": [0.580566, 0.49799, 0.434563, 0.385282, 0.345803, 0.313611, 0.286926, 0.265355, 0.247411, 0.232209, 0.219584, 0.208792, 0.199704, 0.192208, 0.186041, 0.180104, 0.175485, 0.170958, 0.167112, 0.164278, 0.161996, 0.159509, 0.157463, 0.156107, 0.154577, 0.15194, 0.150473, 0.149304, 0.148206, 0.147155, 0.145539, 0.144805, 0.141885, 0.141146, 0.140688, 0.140426, 0.140015, 0.138548, 0.138196, 0.137301, 0.136768, 0.136762, 0.136331, 0.135569, 0.13336, 0.133043, 0.132003, 0.131673, 0.131402, 0.131072, 0.129571, 0.129302, 0.129517, 0.128976, 0.128186, 0.127464, 0.127249, 0.127114, 0.126903, 0.125981, 0.125912, 0.12581, 0.125543, 0.125563, 0.125494, 0.12404, 0.124221, 0.124261, 0.124067, 0.123725, 0.123507, 0.122966, 0.122759, 0.122485, 0.122393, 0.1226, 0.122545, 0.121779, 0.121818, 0.121894, 0.121816, 0.121755, 0.121603, 0.121143, 0.121197, 0.121186, 0.120669, 0.120742, 0.120503, 0.120594, 0.120589, 0.120698, 0.120799, 0.120845, 0.120969, 0.120758, 0.120571, 0.120034, 0.120013, 0.120272]}}