{"validation_0": {"logloss": [0.286689, 0.205141, 0.170788, 0.154379, 0.145342, 0.140526, 0.133419, 0.124063, 0.107162, 0.099028, 0.092503, 0.09026, 0.085246, 0.07855, 0.074181, 0.070847, 0.067736, 0.065559, 0.061759, 0.059292, 0.054378]}, "validation_1": {"logloss": [0.296152, 0.220354, 0.186905, 0.173087, 0.164447, 0.162443, 0.161292, 0.156669, 0.148338, 0.148067, 0.146752, 0.145727, 0.145735, 0.147571, 0.148153, 0.14793, 0.150051, 0.149863, 0.151679, 0.152027, 0.15255]}}