{"validation_0": {"logloss": [0.214122, 0.107938, 0.063314, 0.041172, 0.029096, 0.021954, 0.017188, 0.014222, 0.01184, 0.010209, 0.008968, 0.007867, 0.007006, 0.00637, 0.005783, 0.005319, 0.00491, 0.004548, 0.004287, 0.004039, 0.003831, 0.003626, 0.003463, 0.003299, 0.003161, 0.003036, 0.002909]}, "validation_1": {"logloss": [0.29378, 0.225704, 0.206243, 0.196253, 0.189432, 0.188102, 0.185905, 0.184094, 0.182765, 0.183408, 0.184444, 0.183062, 0.184725, 0.185031, 0.182136, 0.182795, 0.181811, 0.179907, 0.180421, 0.180453, 0.182168, 0.18225, 0.182828, 0.182729, 0.183349, 0.183156, 0.18448]}}