{"validation_0": {"logloss": [0.266826, 0.194738, 0.163465, 0.147322, 0.137092, 0.132286, 0.117648, 0.108911, 0.103577, 0.093407, 0.088657, 0.085993, 0.083523, 0.081316, 0.077799, 0.073652, 0.068899, 0.063601]}, "validation_1": {"logloss": [0.277349, 0.212102, 0.180811, 0.170708, 0.165989, 0.163064, 0.154913, 0.150368, 0.147057, 0.147146, 0.147919, 0.147767, 0.147256, 0.147156, 0.148228, 0.149392, 0.149987, 0.149495]}}