{"validation_0": {"logloss": [0.304111, 0.215696, 0.177778, 0.157476, 0.146747, 0.141454, 0.137163, 0.126581, 0.115713, 0.111682, 0.107087, 0.104719, 0.093275, 0.089141, 0.085233, 0.079878, 0.075313, 0.072662, 0.069236, 0.067364, 0.064222, 0.062799, 0.061828, 0.058134, 0.057358, 0.055612, 0.053092, 0.050497, 0.047586, 0.04147, 0.040071, 0.038499, 0.036136, 0.034936, 0.033241, 0.031398, 0.028906, 0.027088, 0.026387]}, "validation_1": {"logloss": [0.312786, 0.229415, 0.191789, 0.176418, 0.167548, 0.164962, 0.163147, 0.158008, 0.155698, 0.154684, 0.154694, 0.152042, 0.146698, 0.144443, 0.143263, 0.144689, 0.143648, 0.143261, 0.143582, 0.143109, 0.142008, 0.142186, 0.142063, 0.143635, 0.14323, 0.143987, 0.143642, 0.144792, 0.146014, 0.138226, 0.138786, 0.138528, 0.138968, 0.139783, 0.14197, 0.141694, 0.143047, 0.144855, 0.145384]}}