{"validation_0": {"logloss": [0.564339, 0.469206, 0.395711, 0.337032, 0.289189, 0.250041, 0.217265, 0.189954, 0.166815, 0.147086, 0.130389, 0.11616, 0.103816, 0.093246, 0.084125, 0.076166, 0.069178, 0.063041, 0.057623, 0.052849, 0.048721, 0.045032, 0.041628, 0.038676, 0.036089, 0.033783, 0.031657, 0.029781, 0.028018, 0.026496, 0.025158, 0.023888, 0.022686, 0.021632, 0.02065, 0.01967, 0.018832, 0.018064, 0.017338, 0.016661, 0.016055, 0.015458, 0.014895, 0.014315, 0.013839, 0.013389, 0.012964, 0.012588, 0.012232, 0.011884, 0.011568, 0.011261, 0.010947, 0.010642, 0.010361, 0.010119, 0.009838, 0.009601, 0.009364, 0.009157, 0.008942, 0.008747, 0.00856, 0.008379, 0.008211, 0.008033]}, "validation_1": {"logloss": [0.578871, 0.495056, 0.431804, 0.382069, 0.342317, 0.31062, 0.284417, 0.262752, 0.244166, 0.229391, 0.216879, 0.2065, 0.19733, 0.190205, 0.184676, 0.179746, 0.175026, 0.171209, 0.168119, 0.165212, 0.163039, 0.160705, 0.158638, 0.157001, 0.156031, 0.15494, 0.154247, 0.153623, 0.152442, 0.152142, 0.151824, 0.151398, 0.150873, 0.150385, 0.150301, 0.150017, 0.14978, 0.149553, 0.149474, 0.148978, 0.148682, 0.148771, 0.148081, 0.14743, 0.147474, 0.147448, 0.147345, 0.147367, 0.147543, 0.1476, 0.147721, 0.14782, 0.147742, 0.147579, 0.147727, 0.147852, 0.147332, 0.147678, 0.147827, 0.14789, 0.147649, 0.14767, 0.147641, 0.147694, 0.147767, 0.147563]}}